id,name,category,min_players,max_players,recommended_age,estimated_minutes,equipment,difficulty,description,key_coaching_points,progressions,regressions,attribute_map,solo_friendly,tags
4afe6276-87bc-4ddd-9f05-40cd3fd2d26b,Dynamic Movement Line,Warm-Up,6,20,U8-U19,8,cones,Beginner,"Players perform dynamic movements over 15–20 yards (high knees, butt kicks, skips) to raise core temperature.",Tall posture;Arms active;Gradually increase speed,Add ball at feet on return; add reaction cue (color/number).,Shorten distance; reduce movement variety.,Coordination:4|Agility:3|Goalkeeping:2,False,beginner;movement;u11-friendly;warm-up
157bc68c-70b3-4f16-a0ef-e01fc526d258,Rondo Warm-Up 4v1,Warm-Up,5,8,U10-U19,8,balls;cones,Intermediate,Keep-away in a small grid to activate passing rhythm and scanning.,Open body shape;One/two touch;Move after pass,Increase to 5v2; reduce grid size; touch limit.,Increase grid size; allow unlimited touches.,Passing:4|Decision Making:3|Weak Foot:2,False,intermediate;rondo;u11-friendly;warm-up
5168ca67-cef1-4003-8f14-9293dff79a03,Tag With Ball,Warm-Up,6,20,U8-U14,6,balls;cones,Beginner,Players dribble in a grid while 1–2 taggers try to tag. Tagged players do a quick task then rejoin.,Head up;Protect ball;Change direction,Weak-foot only; add safe zones with limits.,Walk tempo; bigger grid; fewer taggers.,Ball Control:4|Dribbling:3|Speed:2,False,beginner;fun;u11-friendly;warm-up
a4ba9000-07af-41cc-8a6b-8a915a3b5ea2,Activation: Hops + Stick,Warm-Up,4,20,U10-U19,6,cones,Intermediate,Single-leg hops with controlled landings to prep ankles/knees for cutting and contact.,Soft landing;Knee over toe;Stable core,Add lateral hops; add partner bump on landing.,Two-leg hops; reduce distance.,Balance:4|Strength:3|Finishing:2,True,injury-prep;intermediate;u11-friendly;warm-up
c87e818a-4e5f-4b30-8c70-1044f5f95962,Juggling Ladder,Warm-Up,1,20,U9-U19,7,balls,Intermediate,Players juggle and try to beat personal bests (thigh/foot) to wake up touch and coordination.,Relaxed ankle;Eyes up between touches;Quick reset after drops,Weak-foot minimum; add move after every 3 juggles.,Allow one bounce between touches.,Ball Control:4|Coordination:3|First Touch:2,True,intermediate;touch;u11-friendly;warm-up
5a4d8523-4f8c-4b39-b10a-b194b63e2294,Partner Mirror Footwork,Warm-Up,2,20,U10-U19,6,cones,Beginner,Pairs face each other; leader moves laterally/forward/back while partner mirrors to prep defensive feet.,Low center of gravity;Quick small steps;Stay balanced,Add ball for leader; add feints.,Slow tempo; shorten time.,Agility:4|Defending:3|Finishing:2,False,beginner;footwork;u11-friendly;warm-up
92a542d8-52df-4bbe-8adb-2e1fc2cc1c4d,Two-Color Reaction Dribble,Warm-Up,1,20,U9-U19,7,cones;balls,Intermediate,Players dribble freely; on coach call of a color they accelerate to that cone and stop ball under control.,Explode on cue;Stop ball cleanly;Scan while dribbling,"Fake call; add task at cone (turn, pass).",Fewer colors; larger grid.,Decision Making:4|Dribbling:3|Vision:2,True,intermediate;reaction;u11-friendly;warm-up
d9af556d-db4a-47d9-823a-391287b151f5,Mobility Circuit (Hips/Ankles),Warm-Up,1,20,U10-U19,8,cones,Beginner,"Short mobility stations (open gate, lunges, ankle rocks) to improve range of motion.",Controlled reps;Full range;Breathing steady,Add mini-band resistance; add pauses at end-range.,Reduce stations; fewer reps.,Balance:4|Coordination:3|Positioning:2,True,beginner;mobility;u11-friendly;warm-up
8291cbf8-e281-43ca-b811-09e14e9e1b92,Passing Gates Warm-Up,Warm-Up,4,20,U9-U19,8,balls;cones,Beginner,Pairs pass through cone gates and rotate to a new gate after a set number of passes.,Plant foot beside ball;Firm pass;First touch out of feet,One-touch only; smaller gates; weaker foot.,Bigger gates; allow trap and pass.,Passing:4|First Touch:3|Pressing:2,False,beginner;passing;u11-friendly;warm-up
2249efca-8002-4249-8d91-2dbeaebad523,3v1 Keep-Away Warm-Up,Warm-Up,4,10,U10-U19,7,balls;cones,Intermediate,Small rondo to prime quick decisions and support angles.,Create triangles;Play away from pressure;Scan before receiving,Add touch limit; add second defender.,Increase grid size; remove touch limit.,Receiving:4|Decision Making:3|Balance:2,False,intermediate;rondo;u11-friendly;warm-up
ca3d2a9c-cc9b-4959-89d4-ff60d2f601ea,Shadow Dribble Stretch,Warm-Up,1,20,U8-U14,6,balls,Beginner,Slow dribble while mixing gentle dynamic stretches to loosen up without losing touch.,Relaxed touch;Stay balanced;No rushing,Add turns at markers; add weak foot sections.,Walk pace; fewer moves.,Ball Control:4|Balance:3|Agility:2,True,beginner;light;u11-friendly;warm-up
d7171a04-4f28-4b02-92d4-223fa628e6d0,Rondo Warm-Up 5v2,Warm-Up,7,12,U11-U19,8,balls;cones,Advanced,Higher-tempo rondo with two defenders to force quicker decisions and cleaner first touches.,Check shoulders;One-touch when possible;Create passing angles,Reduce grid; add scoring rule (10 passes = point).,Increase grid; allow extra touch.,Decision Making:4|First Touch:3|Vision:2,False,advanced;rondo;u11-friendly;warm-up
958841fd-cde1-4e56-aeca-c50e4ef7ad76,Circle Passing + Call Name,Warm-Up,6,20,U8-U19,7,balls,Beginner,Players in a circle pass while calling receiver’s name to encourage communication and scanning.,Call early;Receive on half-turn;Quality pass,Add one-touch; add second ball.,Allow extra touches; larger spacing.,Passing:4|Vision:3|Positioning:2,False,beginner;communication;u11-friendly;warm-up
3d9aa179-d7de-42fd-9205-6c93fc4e227e,Dribble + Turn Circuit,Warm-Up,1,20,U8-U19,8,balls;cones,Beginner,"Players dribble between cones performing a different turn at each cone (inside cut, outside cut, pullback).",Sharp turns;Accelerate after turn;Use both feet,Add feints; add time challenge.,Fewer turns; more space.,Dribbling:4|Ball Control:3|Coordination:2,True,beginner;turns;u11-friendly;warm-up
8f811ae1-4c57-4db1-afe5-9423f10e0307,Light Possession 6v3,Warm-Up,9,18,U12-U19,9,balls;cones,Intermediate,Larger rondo-style possession to activate team spacing and pressing cues.,Stay wide;Support underneath;Quick transitions,Touch limit; smaller space.,Bigger space; rotate defenders faster.,Positioning:4|Pressing:3|Goalkeeping:2,False,intermediate;possession;u11-friendly;warm-up
ad1351b5-a56b-47df-9fa1-cac1ab4be0f9,Foundation Touches,Ball Mastery (Solo),1,1,U8-U19,5,ball,Beginner,Alternating inside-foot touches to develop rhythm and comfort on the ball.,Light touches;Stay on toes;Head up occasionally,Increase tempo; add movement forward/back; weak-foot emphasis.,Slow tempo; allow pauses; larger ball for young players.,Ball Control:4|Coordination:3|Receiving:2,True,ball;beginner;touches;u11-friendly
cb28868b-bf9d-4366-8d5a-fee5c71cf2af,Toe Taps,Ball Mastery (Solo),1,1,U8-U19,4,ball,Beginner,Alternating toe touches on top of the ball to improve balance and quick feet.,Small quick steps;Stable core;Soft contacts,Add lateral travel; add speed bursts.,Hands on wall for balance; slower tempo.,Coordination:4|Balance:3|Ball Control:2,True,ball;beginner;quick-feet;u11-friendly
d106ebad-a446-4760-b3f0-d2bb833e57a6,Bell Touches,Ball Mastery (Solo),1,1,U8-U19,4,ball,Beginner,Tap ball side-to-side with the inside of both feet to build control and rhythm.,Ankles locked;Quick reset;Head up,Add forward travel; add touch limit per side.,Reduce speed; widen stance.,Ball Control:4|Coordination:3|Composure:2,True,ball;beginner;touches;u11-friendly
c73f8e59-67d7-4343-8fe5-f17f699b9c4a,Sole Rolls (Side-to-Side),Ball Mastery (Solo),1,1,U9-U19,5,ball,Beginner,Roll ball left-right with the sole to improve feel and foot strength.,Use whole sole;Keep ball close;Stay balanced,Add pull-push after each roll; travel forward.,Do stationary only; slow tempo.,Ball Control:4|Balance:3|Weak Foot:2,True,ball;beginner;sole;u11-friendly
c4478fcc-a401-43d5-933e-507cfb15e3b6,Inside–Outside Touches (Same Foot),Ball Mastery (Solo),1,1,U9-U19,5,ball,Intermediate,"Using one foot, push ball inside then outside repeatedly, then switch feet.",Soft touches;Knee bent;Use both feet equally,Add forward movement; increase speed; add feint.,Do fewer reps; longer breaks.,Dribbling:4|Ball Control:3|Composure:2,True,ball;intermediate;skill;u11-friendly
43c2df66-5ddc-42bd-86d8-1d9075c203aa,V-Pulls,Ball Mastery (Solo),1,1,U10-U19,5,ball,Intermediate,Pull ball back with sole then push diagonally forward to simulate creating space.,Explosive push;Turn hips;Accelerate after move,Add defender cone; chain two V-pulls then sprint.,Start slow; shorter distance.,Dribbling:4|Agility:3|Passing:2,True,ball;intermediate;turns;u11-friendly
30431a39-fa65-465b-a779-e25b7de5df37,Pull-Push Alternating Feet,Ball Mastery (Solo),1,1,U9-U19,5,ball,Intermediate,Pull back with one foot and push forward with the other in a rhythm pattern.,Keep ball tight;Stay on toes;Smooth transfers,Increase tempo; add directional change every 5 reps.,Reduce tempo; allow stop between actions.,Ball Control:4|Coordination:3|Decision Making:2,True,ball;intermediate;rhythm;u11-friendly
91d7f6c5-d1f8-414e-9efc-a583157cac25,L-Turn Reps,Ball Mastery (Solo),1,1,U10-U19,5,ball;cones,Intermediate,Drag ball back then cut sideways in an L shape to turn away from pressure.,Sell the turn;Sharp cut;Accelerate out,Add speed into move; add cone as defender; weak-foot only set.,Walk through pattern; bigger space.,Dribbling:4|Agility:3|Strength:2,True,ball;intermediate;turns;u11-friendly
38b49624-6f7a-42d7-b926-0717f1a4804a,Cruyff Turn Reps,Ball Mastery (Solo),1,1,U10-U19,5,ball;cones,Intermediate,Fake a pass/shot then drag ball behind standing leg to change direction.,Convincing fake;Use inside of foot;Explode after turn,Add sprint finish; chain with feint before turn.,Stationary first; reduce speed.,Dribbling:4|Composure:3|Pressing:2,True,ball;intermediate;turns;u11-friendly
42753870-99a6-415f-9257-9197f772a39d,Inside Cut + Outside Cut Alternation,Ball Mastery (Solo),1,1,U9-U19,6,ball;cones,Beginner,Dribble to a cone then alternate inside cut and outside cut turns.,Plant foot;Touch across body;Accelerate away,Add time challenge; add weak foot only rounds.,Increase distance between cones; slow tempo.,Dribbling:4|Ball Control:3|Pressing:2,True,ball;beginner;turns;u11-friendly
11ac71bf-c42d-4a44-a11f-ec6b98064f70,Figure-8 Dribble (Two Cones),Ball Mastery (Solo),1,1,U8-U19,6,ball;cones,Beginner,Dribble a figure-8 pattern around two cones focusing on close control.,Small touches near cone;Head up between turns;Use both feet,Reduce cone gap; add moves at each turn.,Widen cone gap; walk pace first.,Ball Control:4|Agility:3|First Touch:2,True,ball;beginner;pattern;u11-friendly
aaf47645-429f-4de6-bd74-0cad6fbc1018,Box Dribble (Four Cones),Ball Mastery (Solo),1,1,U8-U19,6,ball;cones,Beginner,Dribble around a square; perform a turn at each corner.,Turn tight;Use both feet;Accelerate after turn,"Add assigned turns (pullback, Cruyff, L-turn).",Bigger square; fewer turns.,Ball Control:4|Decision Making:3|Receiving:2,True,ball;beginner;pattern;u11-friendly
b158521d-2116-4a09-b310-3bfd41853466,Ronaldo Chop Reps,Ball Mastery (Solo),1,1,U11-U19,5,ball;cones,Advanced,Outside-of-foot chop across body while hopping to shift weight and change direction.,Sell the feint;Touch across body;Explode after chop,Add approach at speed; add finish after chop.,Practice slow; reduce hop; larger space.,Dribbling:4|Agility:3|Shooting:2,True,advanced;ball;move;u11-friendly
2b5dc3b2-1272-47ae-975d-6baf1ac3583d,Scissors Reps,Ball Mastery (Solo),1,1,U10-U19,5,ball;cones,Intermediate,Circular leg movement around ball to sell direction change.,Big sell;Stay balanced;Push ball past 'defender' cone,Double scissors; add sprint out; weak foot set.,Single scissors only; slow tempo.,Dribbling:4|Balance:3|Coordination:2,True,ball;intermediate;move;u11-friendly
4431cd90-e410-4600-8279-a71957fcec21,Step-Over Reps,Ball Mastery (Solo),1,1,U10-U19,5,ball;cones,Intermediate,Stepping over the ball to disguise direction before pushing away.,Sell with shoulders;Plant and push;Accelerate out,Double step-over; add change of pace.,Start with stationary step-over; slower tempo.,Dribbling:4|Composure:3|First Touch:2,True,ball;intermediate;move;u11-friendly
894d846d-110a-4894-ac69-eb7c81913cb3,Drag Back (Sole) + Go,Ball Mastery (Solo),1,1,U8-U19,4,ball;cones,Beginner,Pull ball back with sole then push forward to reset and accelerate.,Close control;Quick second touch;Head up,Add angle exit; chain two drag backs.,Slow tempo; bigger space.,Ball Control:4|Dribbling:3|Weak Foot:2,True,ball;beginner;turns;u11-friendly
5b8f53a4-434b-4658-8bdf-0dd7e6e7d4b8,Outside Touches (Laces) Line,Ball Mastery (Solo),1,1,U9-U19,6,ball;cones,Intermediate,Moving forward using outside-of-foot touches to build speed dribbling control.,Toe down;Push not kick;Stay relaxed,Increase pace; add cone slalom with outside touches only.,Do short segments; rest longer.,Dribbling:4|Speed:3|Coordination:2,True,ball;intermediate;speed-dribble;u11-friendly
ca7ff305-941c-45cf-aab6-602940cb3d75,Weak-Foot Only Touches,Ball Mastery (Solo),1,1,U9-U19,6,ball,Intermediate,Any ball-mastery pattern performed using only weak foot to accelerate development.,Be patient;Small touches;Good body shape,Add time goals; add movement patterns.,Shorten sets; allow alternating feet between sets.,Weak Foot:4|Ball Control:3|Coordination:2,True,ball;intermediate;u11-friendly;weak-foot
a9756874-9423-4315-a559-43ea05957620,Sole + Inside Combos,Ball Mastery (Solo),1,1,U10-U19,6,ball,Intermediate,Combo touches: sole roll into inside touch repeated in rhythm.,Smooth transitions;Keep ball under body;Head up,Increase speed; add travel forward.,Break combo into parts; slower tempo.,Ball Control:4|Coordination:3|Finishing:2,True,ball;combo;intermediate;u11-friendly
7d41a84a-4ee3-48be-a466-4d663460f605,Sole Pull + Outside Push,Ball Mastery (Solo),1,1,U10-U19,6,ball,Advanced,Pull ball back with sole and push away with outside of foot to create separation.,Sharp outside push;Explode out;Sell the pull,Add cone defender; add finish or pass after move.,Start slow; increase space.,Dribbling:4|Composure:3|Speed:2,True,advanced;ball;combo;u11-friendly
f9ca64a4-a639-4891-ba9b-ba0b99cadc34,Tik-Tok Touches (Inside-Outside Alternating Feet),Ball Mastery (Solo),1,1,U10-U19,6,ball,Advanced,Fast alternating inside-outside touches switching feet each contact to build elite rhythm.,Quick contacts;Stay light;Control over speed,Add travel; add 10-second max-out rounds.,Slow tempo; fewer rounds.,Coordination:4|Ball Control:3|Passing:2,True,advanced;ball;elite;u11-friendly
9f1f0057-d15c-4e93-a4b4-214b24d230d3,Around-the-World (Coerver) Reps,Ball Mastery (Solo),1,1,U11-U19,5,ball,Advanced,Circling foot around the ball to train dexterity and comfort manipulating the ball.,Loose hips;Balanced stance;Keep ball still,Add forward movement; chain with push past cone.,Stationary only; slow circle.,Coordination:4|Balance:3|Shooting:2,True,advanced;ball;dexterity;u11-friendly
8e5376b1-0e81-42b8-ad75-435b72c842dd,Inside Touches Forward/Back,Ball Mastery (Solo),1,1,U8-U19,5,ball;cones,Beginner,Inside touches moving forward then backward in a lane to sharpen control both directions.,Soft touch;Eyes up;Use both feet,Add stop/turn at end; add tempo changes.,Shorter lane; slower speed.,Ball Control:4|Agility:3|Weak Foot:2,True,ball;beginner;movement;u11-friendly
4a7e466c-b7fa-478c-82a4-8d1166c1893a,Sole Roll + Pullback Turn,Ball Mastery (Solo),1,1,U10-U19,6,ball;cones,Intermediate,Roll ball across body then pull back into turn; repeat both directions.,Roll cleanly;Turn hips;Accelerate away,Add cone defender; add time target.,Do roll only; then add turn later.,Dribbling:4|Agility:3|Decision Making:2,True,ball;intermediate;turns;u11-friendly
8d0d4aef-025d-419e-ab5a-f82ef4db6479,Touch Box (30-Second Rounds),Ball Mastery (Solo),1,1,U9-U19,6,ball;cones,Intermediate,Inside/sole/outside touches inside a small box for timed rounds.,Stay relaxed;Quick feet;Control first,Shrink box; add weak foot rounds.,Enlarge box; longer rest.,Ball Control:4|Endurance:3|Shooting:2,True,ball;intermediate;intervals;u11-friendly
9555b67e-9387-457f-b961-720c8df49a60,Coerver Cuts (Inside Cut Line),Ball Mastery (Solo),1,1,U9-U19,6,ball;cones,Beginner,Dribble forward and perform inside cuts at each cone to practice sharp direction changes.,Touch across body;Plant foot;Accelerate out,Reduce spacing; add feint before cut.,Increase spacing; slow pace.,Dribbling:4|Agility:3|Shooting:2,True,ball;beginner;cuts;u11-friendly
2f3f9381-a52d-4d2a-96b5-433f73fbc7ad,Coerver Cuts (Outside Cut Line),Ball Mastery (Solo),1,1,U9-U19,6,ball;cones,Beginner,Dribble forward and perform outside cuts at each cone for outside-foot control.,Use pinky toe area;Keep ball close;Accelerate after cut,Add tempo changes; add weak foot sets.,Walk-through reps; larger spacing.,Dribbling:4|Ball Control:3|Finishing:2,True,ball;beginner;cuts;u11-friendly
65136563-97dd-4454-8120-f395b04450d7,Maradona Spins (Turn Reps),Ball Mastery (Solo),1,1,U11-U19,5,ball;cones,Advanced,Use sole to drag ball across body while spinning to turn away from pressure.,Stay low;Protect ball with body;Explode out,Add approach speed; add defender cone.,Slow spin; bigger space.,Dribbling:4|Balance:3|Speed:2,True,advanced;ball;turns;u11-friendly
a35114dd-6399-4e63-bb53-038248a7b05c,Outside-Inside (Zigzag) Lane,Ball Mastery (Solo),1,1,U10-U19,7,ball;cones,Intermediate,"Zigzag down a lane using outside touch to push, inside to correct line.",Controlled push;Eyes up;Use both feet,Increase tempo; reduce cone distance.,Increase cone distance; slower tempo.,Ball Control:4|Speed:3|Dribbling:2,True,ball;intermediate;lane;u11-friendly
cc2d56fe-51c2-4393-8d6e-e5133aa48204,Stop-Start Explosions,Ball Mastery (Solo),1,1,U9-U19,6,ball;cones,Beginner,"Dribble then stop ball dead, then explode forward on cue to train acceleration control.",Stop with sole;Big first step;Ball slightly ahead on sprint,Randomize cues; add turn after stop.,Predictable cues; longer rest.,Speed:4|Ball Control:3|Balance:2,True,acceleration;ball;beginner;u11-friendly
bba1e578-1888-4d15-9899-c4dd75539e2d,Wall Pass Control (One Touch),First Touch,1,1,U9-U19,7,ball;wall,Intermediate,"Pass against a wall and control with one touch (inside, outside, sole) alternating surfaces.",Prep touch early;Soft first touch;Change surface often,Increase distance; add one-touch return; add weak foot.,Shorten distance; allow extra touch.,First Touch:4|Ball Control:3|Balance:2,True,first;intermediate;u11-friendly;wall
774ed072-63a7-4280-9697-d8dc1b38db9c,Wall Pass – Two Touch Rhythm,First Touch,1,1,U9-U19,7,ball;wall,Beginner,"Pass, control, pass in steady rhythm to build consistent first touch and passing technique.",Cushion touch;Plant foot;Strike through middle of ball,Alternate feet each rep; add half-turn before pass.,Slow tempo; shorter sets.,First Touch:4|Passing:3|Shooting:2,True,beginner;first;u11-friendly;wall
542181eb-fca3-4129-bb6c-c3f170252ff5,Receive Across Body (Pairs),First Touch,2,20,U10-U19,8,balls;cones,Intermediate,"Receive pass across body to open up, then play to next cone/target.",Open hips;Scan before receiving;First touch into space,Add defender shadow; reduce space.,Increase space; allow extra touch.,Receiving:4|Vision:3|Composure:2,False,first;intermediate;open-body;u11-friendly
25d47d0e-66c2-4efe-918a-aed7c49adf0f,Half-Turn Receiving Line,First Touch,4,16,U11-U19,10,balls;cones,Advanced,"Players receive with back to pressure, check shoulder, half-turn on first touch and accelerate.",Check shoulder early;Use far foot;Accelerate after touch,Add live defender; add time limit.,No defender; slower pace.,First Touch:4|Decision Making:3|Endurance:2,False,advanced;first;turn;u11-friendly
7f18358c-dd48-41a8-903f-aa6d980807c7,Aerial Control (Toss + Set),First Touch,1,2,U10-U19,8,ball,Intermediate,Toss ball to self or partner; control with thigh/chest then settle to feet and play.,Soft surface;Absorb impact;Set ball into space,Add volley finish; add weak-foot set.,Allow one bounce; lower toss.,First Touch:4|Composure:3|Goalkeeping:2,True,aerial;first;intermediate;u11-friendly
520a2296-2c16-4224-89aa-c2ecc16360e8,Receive + 2-Touch Direction Change,First Touch,3,12,U10-U19,10,balls;cones,Intermediate,"Receive, take first touch across body, second touch pass to next player in new direction.",Angle first touch;Scan next target;Firm pass,Add touch limit; add defender cone.,Remove direction change; keep straight.,Decision Making:4|Receiving:3|Agility:2,False,first;flow;intermediate;u11-friendly
a763edbd-4cf0-4d72-8fbd-76ecb3c12bf9,First Touch Into Gate,First Touch,2,20,U9-U19,8,balls;cones,Beginner,Player receives pass and first touch must enter a cone gate before next action.,Soft touch;Use correct foot;Eyes up,Smaller gates; add one-touch finish after gate.,Bigger gates; allow 2 touches to enter.,First Touch:4|Ball Control:3|Goalkeeping:2,False,beginner;first;targets;u11-friendly
07d626b6-9c9e-4d2c-b436-61530b770674,Bounce Touch – One Bounce Control,First Touch,1,1,U10-U19,6,ball,Intermediate,"Drop ball, let it bounce once, then control with foot to stop or move into space.",Soft contact;Timing;Body over ball,Control into dribble then pass/shoot.,Use hands toss; slower bounce.,First Touch:4|Balance:3|Defending:2,True,first;intermediate;timing;u11-friendly
c5ccf9d8-3800-4cfa-a4ae-e26ebe7f6cff,Receive Under Pressure (Shadow),First Touch,4,14,U11-U19,10,balls;cones,Advanced,Receiver gets tight shadow pressure and must take first touch away and play out.,Use body to shield;Far-foot touch;Quick exit,Make pressure live; touch limit.,Shadow only; bigger space.,Composure:4|First Touch:3|Goalkeeping:2,False,advanced;first;pressure;u11-friendly
5080544f-ac93-4378-b050-efc49726ae47,"Turn & Receive (Check Away, Check To)",First Touch,4,16,U10-U19,10,balls;cones,Intermediate,Player checks away from cone then checks to receive; first touch sets up next action.,Timing of movement;Show target foot;Scan,Add defender; add one-touch layoff.,No defender; slower pace.,Receiving:4|Positioning:3|Pressing:2,False,first;intermediate;movement;u11-friendly
1bbd602f-679b-45e2-9857-1f72b0244664,Receive on Back Foot (Open Touch),First Touch,2,16,U10-U19,8,balls;cones,Intermediate,Receive with back foot to play forward quickly.,Angle body;Back foot touch forward;Next action fast,Add pressure; reduce time.,Allow stop touch; more space.,First Touch:4|Decision Making:3|Shooting:2,False,first;intermediate;open;u11-friendly
493c497f-d281-44d5-aa4e-ea54416e53de,Wall Receive Half-Turn,First Touch,1,1,U11-U19,8,ball;wall,Advanced,"Pass to wall, receive on half-turn, accelerate two touches, repeat.",Check shoulder;Far foot touch;Explode away,Add weak-foot only rounds; increase distance.,Do square receiving first; reduce speed.,First Touch:4|Speed:3|Coordination:2,True,advanced;first;u11-friendly;wall
8c94e4bd-d5d4-4f90-823c-b07fbfb128be,First Touch + Finish (Rebounder/Wall),First Touch,1,2,U11-U19,10,ball;wall;goal,Advanced,Use wall/rebounder as passer; take first touch out of feet and finish into goal.,Prep body;Touch into shot line;Finish low and placed,One-touch finish; add target zones.,No shot—just touch and stop.,Finishing:4|First Touch:3|Balance:2,True,advanced;finishing;first;u11-friendly
32133583-b4a6-4db0-bddf-aebc28bc2dde,Receive & Switch (Long Touch Prep),First Touch,2,12,U12-U19,10,balls;cones,Advanced,Receive then play longer pass to switch point; focus on first touch to set passing angle.,First touch out of feet;Strike through ball;Scan far target,Add pressure; longer distance.,Shorter distance; allow extra touch.,Passing:4|First Touch:3|Speed:2,False,advanced;first;switch;u11-friendly
ad506c91-bdbd-41ad-bf22-b2fd4058609e,Pressure Touch Escape (3-Second Rule),First Touch,3,12,U11-U19,8,balls;cones,Advanced,Player must receive and exit box within 3 seconds to simulate fast decision windows.,Scan early;First touch away;Explode out,Reduce time to 2 seconds; add live defender.,Increase time; remove defender.,Decision Making:4|Composure:3|Positioning:2,False,advanced;escape;first;u11-friendly
c9ebf94a-a74e-4d1f-906c-ad9a968181c5,Cone Slalom Dribble,Dribbling & 1v1,1,20,U8-U19,8,ball;cones,Beginner,Dribble through cones focusing on close control and quick turns.,Small touches near cones;Use both feet;Head up between cones,Reduce cone spacing; add move at each cone.,Increase cone spacing; walk-through first.,Dribbling:4|Ball Control:3|Speed:2,True,beginner;dribbling;slalom;u11-friendly
f15a520b-63fa-4407-9b2b-799039cb4d51,Speed Dribble (Straight Line),Dribbling & 1v1,1,20,U8-U19,6,ball;cones,Beginner,Dribble at speed in a lane with longer touches while keeping ball under control.,Ball slightly ahead;Use laces;Head up,Add defender chase; add finish at end.,Shorter distance; slower speed.,Speed:4|Dribbling:3|Agility:2,True,beginner;dribbling;speed;u11-friendly
f3265e3a-416b-44bb-aaaa-e29da55b55bb,Change of Pace Dribble,Dribbling & 1v1,1,20,U9-U19,7,ball;cones,Intermediate,Alternate slow control with explosive acceleration to beat defenders.,Sell the slow;Explode on cue;Control first two fast touches,Add move before acceleration; add time challenge.,Fewer accelerations; longer rest.,Dribbling:4|Speed:3|Decision Making:2,True,dribbling;intermediate;pace;u11-friendly
c2be784a-3b56-40cc-bcc8-e506a800164b,1v1 Gate Attack,Dribbling & 1v1,2,12,U10-U19,12,balls;cones,Advanced,Attacker tries to dribble through a cone gate while defender pressures and blocks.,Change direction;Protect ball;Explode through gate,Smaller gates; defender can tackle.,Bigger gates; defender is shadow only.,Dribbling:4|Composure:3|Passing:2,False,1v1;advanced;dribbling;u11-friendly
65146beb-3c60-4ed4-a5a0-7bd7b0d4bade,1v1 Endline to Goal,Dribbling & 1v1,2,10,U10-U19,12,balls;cones;goal,Advanced,Attacker starts wide and drives to goal; defender tries to delay and win ball.,Attack front foot;Change pace;Finish quickly,Start closer to goal; add GK.,Defender shadow; bigger lane.,Finishing:4|Dribbling:3|Weak Foot:2,False,1v1;advanced;dribbling;u11-friendly
56543077-8609-40dc-b79a-42f8552de284,2v1 Transition (Small Goal),Dribbling & 1v1,3,12,U11-U19,12,balls;cones;small goals,Advanced,Two attackers vs one defender; focus on dribble to commit then pass or finish.,Commit defender;Timing of pass;Support angle,Add recovery defender; touch limit.,Bigger space; allow extra touches.,Decision Making:4|Vision:3|First Touch:2,False,advanced;dribbling;numbers-up;u11-friendly
3881fab2-1731-4aa1-afa7-82c6c5465fd2,Shield & Spin (Pressure Cone),Dribbling & 1v1,1,2,U10-U19,8,ball;cone,Intermediate,Player shields from imaginary pressure then spins out with first touch.,Use arm for space;Low stance;Explode after spin,Add partner pressure; add exit to target.,No pressure; slow spin.,Composure:4|Ball Control:3|Decision Making:2,True,dribbling;intermediate;shield;u11-friendly
4a1c666f-7e67-44b7-9d26-fa2c55a84e16,Stop & Go (Defender Cone),Dribbling & 1v1,1,1,U9-U19,6,ball;cones,Beginner,"Approach cone, stop ball, fake, then accelerate past cone.",Sell fake;Big first step;Ball out of feet on sprint,Add move (step-over/scissors) before go.,No fake; just stop and go.,Dribbling:4|Speed:3|Coordination:2,True,beginner;dribbling;move;u11-friendly
ff442ed2-0c1a-48c8-824c-8b110550d147,Zigzag Dribble With Targets,Dribbling & 1v1,1,20,U9-U19,8,ball;cones,Intermediate,Zigzag at cones then accelerate into open space; repeat both directions.,Close control on zigzag;Explode between cones;Use both feet,Reduce spacing; add move at each cone.,Increase spacing; slower pace.,Dribbling:4|Agility:3|Defending:2,True,dribbling;intermediate;u11-friendly;zigzag
4640e71a-23c9-4d2d-a6a4-49ad8e06b2bb,1v1 King of the Ring,Dribbling & 1v1,6,20,U10-U19,10,balls;cones,Intermediate,Players dribble in a grid trying to knock others’ balls out while keeping their own.,Protect ball;Use body;Change direction,Smaller grid; time rounds; add weak foot.,Bigger grid; fewer players.,Ball Control:4|Composure:3|Vision:2,False,competitive;dribbling;intermediate;u11-friendly
439bb11d-6f65-4168-93fe-aefaa11b929d,Move + Burst Ladder,Dribbling & 1v1,1,20,U10-U19,10,ball;cones,Intermediate,Players perform a chosen move at cone then burst for 5–10 yards.,Quality move first;Explode after;Head up,Add defender chase; chain two moves.,No burst—walk out of move.,Dribbling:4|Speed:3|Composure:2,True,dribbling;intermediate;pattern;u11-friendly
654812e9-17f2-4387-ba8b-2e5037356d9c,1v1 Line Battle,Dribbling & 1v1,2,12,U10-U19,10,balls;cones,Intermediate,Players start facing each other; attacker tries to dribble over endline while defender blocks.,Use feints;Change direction;Protect ball,Narrower channel; add time limit.,Wider channel; defender shadow.,Dribbling:4|Defending:3|Agility:2,False,dribbling;duel;intermediate;u11-friendly
b0f1b464-a838-45a4-ab8e-f23700e53719,Tight Space Dribble Box,Dribbling & 1v1,1,20,U9-U19,8,ball;cones,Intermediate,Dribble in a small box using many surfaces to build close control under pressure.,Many small touches;Scan;Use sole and outside,Shrink box; add timed rounds.,Enlarge box; slow tempo.,Ball Control:4|Decision Making:3|Composure:2,True,dribbling;intermediate;tight;u11-friendly
df4143ff-84e8-4080-8363-142c80f7ce8b,Skill Move Showcase (4 Moves),Dribbling & 1v1,1,20,U10-U19,10,ball;cones,Beginner,"Players cycle through four moves (scissors, step-over, L-turn, Cruyff) at stations.",Sell fake;Balance;Explode after move,Add weak-foot stations; add time goals.,Fewer moves; more coaching time.,Coordination:4|Dribbling:3|Shooting:2,True,beginner;dribbling;station;u11-friendly
91ef22b7-4b21-4612-81e6-36e289385554,1v1 to Two Goals,Dribbling & 1v1,2,10,U11-U19,12,balls;cones;small goals,Advanced,"Attacker can score in either goal, forcing defender to read hips and delay.",Attack space;Change direction;Finish quickly,Add scoring zones; add touch limit for attacker.,Bigger goals; defender shadow.,Decision Making:4|Composure:3|First Touch:2,False,1v1;advanced;dribbling;u11-friendly
5c035f8c-e5da-4ca4-a5ea-3c55a7f3e0da,Dribble + Pass Decision (2 Gates),Dribbling & 1v1,3,12,U11-U19,12,balls;cones,Advanced,Attacker drives at defender; chooses to dribble through gate or pass to support option.,Commit defender;Scan support;Timing,Add second defender; reduce time.,No defender; pattern first.,Decision Making:4|Vision:3|Receiving:2,False,advanced;choices;dribbling;u11-friendly
2817d299-f842-43e4-b299-3b090aee3d71,Winger 1v1 + Cross,Dribbling & 1v1,2,10,U12-U19,12,balls;cones;goals,Advanced,Wide attacker beats defender then crosses into target zone for finish.,First touch forward;Change pace;Head up before cross,Add live finisher; add GK.,No defender; cross on command.,Vision:4|Passing:3|Dribbling:2,False,advanced;crossing;dribbling;u11-friendly
6787ef35-3f65-4c57-a0c3-6fc366948ae0,Central 1v1 + Finish,Dribbling & 1v1,2,10,U10-U19,12,balls;cones;goal,Advanced,Attacker starts central and tries to create shot; defender focuses on delaying and tackling.,Protect ball;Create shooting lane;Quick release,Add GK; limit touches.,Defender shadow only.,Finishing:4|Composure:3|Endurance:2,False,advanced;dribbling;shooting;u11-friendly
6528d3dc-8615-48ed-baba-b44d8e4be9dd,Short Passing Pairs,Passing & Receiving,2,20,U8-U19,8,balls;cones,Beginner,"Pairs pass back and forth focusing on firm, accurate passes and clean receiving touches.",Plant foot beside ball;Follow through;First touch out of feet,One-touch rounds; increase distance; weaker foot sets.,Shorter distance; allow stop touch.,Passing:4|Receiving:3|Agility:2,False,beginner;pairs;passing;u11-friendly
3c1d9091-21db-46e2-919a-f4ba0911c9fb,Triangle Passing (3-Man),Passing & Receiving,3,9,U9-U19,10,balls;cones,Beginner,Three players pass and follow to create constant movement and angles.,Pass and move;Open hips;Communicate,One-touch only; add third-man run.,Two-touch only; increase spacing.,Passing:4|Positioning:3|Dribbling:2,False,beginner;combo;passing;u11-friendly
1ade0462-6248-44f6-8752-61e326bda8e4,Give-and-Go (Wall Pass),Passing & Receiving,3,12,U10-U19,12,balls;cones,Intermediate,"Pass to teammate, sprint around cone, receive return pass in stride.",Timing run;Weight of pass;Receive on the move,Add defender; one-touch layoff.,Walk-through pattern first.,Decision Making:4|Passing:3|Balance:2,False,intermediate;overlap;passing;u11-friendly
d1223579-aca5-4250-8e60-e50d9dd84221,Passing Gates Rotation,Passing & Receiving,4,20,U9-U19,12,balls;cones,Beginner,Pairs score by completing passes through different cone gates around grid.,Head up;Firm pass;Move into space,Touch limit; smaller gates; add defender.,Bigger gates; fewer gates.,Vision:4|Passing:3|Dribbling:2,False,beginner;passing;targets;u11-friendly
2f3fedfe-4795-4d66-9e32-b65a5bd3a68a,One-Touch Bounce Passing,Passing & Receiving,4,16,U11-U19,10,balls;cones,Advanced,Players practice one-touch bounce passes to maintain tempo under pressure.,Soft first touch;Angle support;Pass with purpose,Add live defender; reduce space.,Allow two-touch; enlarge space.,Passing:4|Decision Making:3|Dribbling:2,False,advanced;passing;tempo;u11-friendly
ef770d72-8d42-4bc3-b1e3-578cedbfaf6b,4-Corner Passing Pattern,Passing & Receiving,4,12,U10-U19,12,balls;cones,Intermediate,"Ball moves around a square with specific receiving touches (inside, across body) and runs.",Receive on half-turn;Pass with correct foot;Timing of movement,Add second ball; add defender in middle.,Remove runs; keep stationary passing.,Receiving:4|Positioning:3|Weak Foot:2,False,intermediate;passing;pattern;u11-friendly
1a93f513-e959-4295-9ea6-7e78fba765c2,Long Passing (Driven) Partners,Passing & Receiving,2,10,U12-U19,12,balls;cones,Intermediate,Partners practice driven passes over longer distance with clean first touch.,Lock ankle;Strike through ball;First touch sets next pass,Add moving target; add weak-foot sets.,Shorter distance; allow extra touch.,Passing:4|First Touch:3|Goalkeeping:2,False,intermediate;long;passing;u11-friendly
5da3cf69-a962-4798-ab01-b02251428f17,Switch Play Through Midfielder,Passing & Receiving,5,14,U12-U19,15,balls;cones,Advanced,Pattern: wide → mid → switch to opposite wide; teaches scanning and speed of circulation.,Scan far side;Body open;Pass with pace,Add passive then active defenders.,Run pattern without pressure first.,Vision:4|Passing:3|First Touch:2,False,advanced;passing;switch;u11-friendly
d6cf89a0-d4df-4dae-be10-d59e9acbc30b,Rondo 5v2 (Possession),Passing & Receiving,7,12,U11-U19,12,balls;cones,Intermediate,Keep possession in tight grid with two defenders; rotate defenders frequently.,Triangles;Quick support;Play away from pressure,Touch limit; shrink grid.,Enlarge grid; remove touch limit.,Decision Making:4|Passing:3|Receiving:2,False,intermediate;passing;rondo;u11-friendly
4f398a2a-4548-4cff-acea-5e041a00d7be,Rondo 4v2 + End Zone,Passing & Receiving,6,10,U12-U19,12,balls;cones,Advanced,Complete passes then split into end zone to score; encourages penetration passes.,Disguise pass;Timing;Support angles,Reduce end zone; add touch limit.,Enlarge end zone; allow extra touch.,Vision:4|Decision Making:3|Dribbling:2,False,advanced;passing;penetration;u11-friendly
febef11d-723e-4c95-8e31-18bfd9fb9804,Third-Man Combination,Passing & Receiving,4,12,U12-U19,12,balls;cones,Advanced,"Player A passes to B, B sets to C (third man) who plays forward; builds advanced combinations.",Timing;One-touch sets;Scan forward option,Add defender; require one-touch set.,Pattern without defender; allow extra touch.,Decision Making:4|Passing:3|Composure:2,False,advanced;combo;passing;u11-friendly
b5056d31-82c6-48a8-8a1b-fabe3ec87a92,Passing Under Pressure Box,Passing & Receiving,4,14,U11-U19,12,balls;cones,Intermediate,Players pass in small grid while 1–2 pressers force quick decisions.,Body shape open;First touch away;Communicate,Add presser; reduce space; touch limit.,Increase space; fewer pressers.,Composure:4|Passing:3|Dribbling:2,False,intermediate;passing;pressure;u11-friendly
7506523d-55af-4adc-ac76-e4da70f7dcab,Two-Ball Rhythm Passing,Passing & Receiving,6,18,U10-U19,10,balls;cones,Intermediate,Two balls circulate simultaneously; players must scan and communicate to avoid collisions.,Scan constantly;Call for ball;Move after pass,Three balls; one-touch only.,Back to one ball; slower tempo.,Vision:4|Decision Making:3|Strength:2,False,intermediate;passing;scanning;u11-friendly
61b635fb-f7e1-41a5-b4b7-e38b72f3a4c4,Receive + Split Pass,Passing & Receiving,4,12,U12-U19,12,balls;cones,Advanced,Player receives and plays a splitting pass through a gate to a runner.,Check shoulder;First touch to line up pass;Disguise,Add defender; narrow gate.,Widen gate; no defender.,Vision:4|Passing:3|Agility:2,False,advanced;passing;through-ball;u11-friendly
164899c8-e5df-488c-a1cf-e0d597d6d44d,Cross-Field Passing (Lofted),Passing & Receiving,2,10,U12-U19,12,balls;cones,Advanced,Lofted diagonal pass to opposite target; focus on technique and landing area.,Lean back slightly;Contact under ball;Aim for space,Add moving receiver; add pressure on passer.,Shorten distance; allow bounce control.,Passing:4|Vision:3|Composure:2,False,advanced;passing;switch;u11-friendly
ecdb2c42-b8be-4101-90ce-ebda29b15291,One-Touch in a Circle,Passing & Receiving,6,20,U10-U19,10,balls,Intermediate,Players in circle play one-touch passes around while scanning and adjusting angles.,Be ready early;Soft contact;Communicate,Add second ball; reverse direction on cue.,Allow two-touch; slow tempo.,Passing:4|Receiving:3|Defending:2,False,intermediate;passing;tempo;u11-friendly
0797b3f2-74cb-4758-a644-14103c7a1270,Wall Pass + Finish (Combo),Passing & Receiving,3,10,U11-U19,12,balls;cones;goal,Advanced,Player plays wall pass then shoots first time or after one touch; simulates combination to goal.,Weight of set pass;Time run;Finish quickly,Add defender; one-touch finish only.,Remove defender; allow extra touch.,Finishing:4|Passing:3|Defending:2,False,advanced;combo;passing;u11-friendly
c8163462-ec3c-437b-b069-1c79d5c34e31,Passing Accuracy Targets (Numbers),Passing & Receiving,2,20,U9-U19,10,balls;cones;targets,Beginner,Players pass to numbered targets or cones to build accuracy and focus.,Pick a target;Firm pass;Follow through,Increase distance; add weak-foot scoring.,Short distance; bigger targets.,Passing:4|Vision:3|Endurance:2,True,accuracy;beginner;passing;u11-friendly
42a321ac-4a9c-468e-ad55-d8d4d38bfcf1,Stationary Shooting Technique,Finishing & Shooting,1,6,U9-U19,8,balls;goal,Beginner,"Reps from a stationary ball focusing on body shape, contact, and placement.",Plant foot beside ball;Head over ball;Pick corner,Add targets; alternate weak foot.,Shorter distance; larger target zones.,Shooting:4|Finishing:3|Dribbling:2,True,beginner;finishing;technique;u11-friendly
75725af8-900b-491f-a76d-d0c9db63dad1,Dribble + Shoot,Finishing & Shooting,1,6,U9-U19,10,balls;cones;goal,Beginner,Dribble into a shooting lane and finish with focus on first touch into space.,Touch out of feet;Eyes on target;Follow through,Add move before shot; add time limit.,Start closer; no cones.,Finishing:4|Dribbling:3|Pressing:2,True,beginner;finish;finishing;u11-friendly
f7d7cd53-f41d-4730-a291-1cbf1661af0e,First-Time Finishing (Pass Across),Finishing & Shooting,2,10,U10-U19,12,balls;cones;goal,Intermediate,Player finishes first time from a square pass across the box.,Arrive on time;Open hips;Finish low and placed,Add defender pressure; one-touch only.,Allow one control touch.,Finishing:4|Composure:3|First Touch:2,False,finishing;intermediate;one-touch;u11-friendly
96ffd22a-e721-4bd5-baf6-1e3326ca8e4e,Angle Finishing (Wide),Finishing & Shooting,2,10,U10-U19,12,balls;cones;goal,Intermediate,Finish from an angle (wing) learning far-post vs near-post decisions.,Head up;Strike across ball;Pick corner,Add GK; add defender chase.,No GK; closer angle.,Finishing:4|Decision Making:3|Receiving:2,False,angles;finishing;intermediate;u11-friendly
dbf3689b-d1ae-4457-aa1b-9526ca744683,Cut-Back Finish,Finishing & Shooting,3,12,U11-U19,14,balls;cones;goal,Advanced,Wide player drives then cuts back to trailing runner for finish.,Timing of run;Quality cut-back;Finish first time if possible,Add defender; add GK.,Pattern without defender; slow pace.,Passing:4|Finishing:3|Shooting:2,False,advanced;crossing;finishing;u11-friendly
42a6ba9b-495f-4b1d-bfb7-b7c8ce5e3251,Volley Technique (Toss),Finishing & Shooting,1,4,U12-U19,10,balls;goal,Advanced,Toss ball and strike volley focusing on clean contact and balance.,Eyes on ball;Lock ankle;Body over strike,Add moving serve; alternate feet.,Half-volley only; lower toss.,Shooting:4|Balance:3|Weak Foot:2,True,advanced;finishing;u11-friendly;volley
23fc7e7c-bc17-4641-8dbb-4cbfa11e199d,Half-Volley (Bounce) Finish,Finishing & Shooting,1,4,U11-U19,10,balls;goal,Advanced,Strike the ball just after it bounces to train timing and technique.,Watch bounce;Meet ball early;Controlled follow-through,Increase distance; add target zones.,Shorten distance; slower serve.,Shooting:4|Composure:3|Weak Foot:2,True,advanced;finishing;timing;u11-friendly
2040e31f-7004-4a62-9414-7fc5ec552cca,Finishing Through Cones (Gate Shot),Finishing & Shooting,1,6,U9-U19,10,balls;cones;goal,Beginner,Players must shoot through a cone gate before hitting goal to encourage accuracy.,Pick gate;Head down at contact;Controlled power,Smaller gate; add time limit.,Bigger gate; closer distance.,Finishing:4|Composure:3|Defending:2,True,accuracy;beginner;finishing;u11-friendly
143ee5a7-d10c-40a9-999f-2479b3e720b3,1v1 Breakaway Finish,Finishing & Shooting,2,8,U11-U19,12,balls;cones;goal,Advanced,"Attacker dribbles in on goal and finishes with decision (place, power, chip).",Last touch out of feet;Head up;Finish early,Add chasing defender; add GK decisions.,No defender; start closer.,Decision Making:4|Finishing:3|Positioning:2,False,advanced;breakaway;finishing;u11-friendly
0648c122-a5df-49ef-8ea6-1f57c9550f22,Small-Sided Finishing Game 3v3,Finishing & Shooting,6,12,U10-U19,15,balls;cones;goals,Intermediate,Fast 3v3 game with lots of shots; encourages quick finishing and transitions.,Shoot when open;Quick transition;Support the ball,Touch limit in attacking half.,Bigger goals; fewer defenders.,Finishing:4|Decision Making:3|Passing:2,False,finishing;game;intermediate;u11-friendly
060720fc-06ef-4e34-97f3-a78c8daf40f9,Near-Post/Far-Post Decision Drill,Finishing & Shooting,2,10,U11-U19,12,balls;cones;goal,Advanced,Coach calls 'near' or 'far' late; player must adjust finish quickly.,Scan GK position;Adjust contact;Stay composed,Live GK; reduce reaction time.,Earlier call; no GK.,Composure:4|Decision Making:3|Vision:2,False,advanced;finishing;reaction;u11-friendly
818ec295-d437-48aa-8dd0-d7073c844d27,Cross + Finish (Two Runners),Finishing & Shooting,4,12,U11-U19,15,balls;cones;goal,Advanced,Wide service with near-post and far-post runners finishing first time.,Attack space;Communicate;Finish with correct surface,Add defender; add GK.,No defender; slow service.,Finishing:4|Positioning:3|Receiving:2,False,advanced;crossing;finishing;u11-friendly
a2c17a1f-47e7-45f7-a76a-09882e4fe155,Shooting on the Move (Diagonal),Finishing & Shooting,1,6,U10-U19,12,balls;cones;goal,Intermediate,Dribble diagonally and shoot across body; trains mechanics while moving.,Set hips;Plant foot;Strike through ball,Add defender cone; add weak foot.,Shorter run-up; slower pace.,Shooting:4|Dribbling:3|Speed:2,True,finishing;intermediate;movement;u11-friendly
c0528552-5157-4398-9344-de2f5250c578,Rebound Finishing (Second Ball),Finishing & Shooting,2,8,U10-U19,12,balls;goal,Intermediate,First shot creates rebound; second player finishes rebound quickly.,Crash the goal;React first;Finish simple,Add defender; one-touch only.,No defender; controlled rebounds.,Composure:4|Finishing:3|Goalkeeping:2,False,finishing;intermediate;rebound;u11-friendly
da9a20c4-8179-4d8b-baef-9863dc90e6da,Defensive Shuffle Footwork,Defending,1,20,U9-U19,6,cones,Beginner,Side-to-side shuffles staying low and balanced to build defensive movement mechanics.,Low hips;Quick small steps;No crossing feet,Add reaction cue; add ball pressure shadow.,Slow tempo; shorter sets.,Defending:4|Agility:3|Finishing:2,True,beginner;defending;footwork;u11-friendly
d8ee4d09-5557-4901-99ba-3968a849a28a,Close-Out & Contain,Defending,2,10,U10-U19,10,balls;cones,Intermediate,Defender sprints to close down attacker then slows to contain and force sideways.,"Fast-close, slow-arrive;Angle body;Stay patient",Add live tackle; add scoring line for attacker.,Shadow only; bigger space.,Defending:4|Composure:3|Ball Control:2,False,contain;defending;intermediate;u11-friendly
569e32f5-7b01-44fc-8b5b-54ee0b172f24,1v1 Defending Channel,Defending,2,12,U10-U19,12,balls;cones,Intermediate,Defender forces attacker down narrow channel and tries to win ball or delay.,Show one way;Time tackle;Stay balanced,Narrow channel; add time limit.,Wider channel; defender starts closer.,Defending:4|Positioning:3|Dribbling:2,False,1v1;defending;intermediate;u11-friendly
43be339f-ed28-4736-a4e1-22c11b3c7137,Delay & Recover (2v2),Defending,4,12,U11-U19,12,balls;cones;small goals,Advanced,"2v2 defending with focus on delaying, covering, and recovering shape after being beaten.",First defender delays;Second defender covers;Communicate,Add transition rule; reduce space.,No goals; just win and dribble out.,Positioning:4|Pressing:3|Receiving:2,False,advanced;defending;team-defend;u11-friendly
52f53901-f484-40fe-acc2-846cbbda3567,Pressing Triggers Walkthrough,Defending,6,18,U12-U19,12,cones;balls,Intermediate,"Team practices when to press (bad touch, back pass) and how to angle runs.",Press on trigger;Angle run;Cover shadow,Add live play; add scoring for forced turnovers.,Walk speed; fewer triggers.,Pressing:4|Decision Making:3|Goalkeeping:2,False,defending;intermediate;press;u11-friendly
08750f59-0179-4ae7-9589-e57bc5180ef1,Defensive Transition 3v2,Defending,5,12,U12-U19,12,balls;cones;goals,Advanced,Defenders recover against 3 attackers; focus on delay and protect middle.,Protect central lane;Delay until help;Communicate,Add fourth attacker; add time limit.,Start defenders deeper; larger space.,Positioning:4|Decision Making:3|Dribbling:2,False,advanced;defending;transition;u11-friendly
910b66ab-328e-4b08-b68f-7b63f93e5fdc,Tackling Technique (Poke/Block),Defending,2,10,U11-U19,10,balls;cones,Intermediate,Controlled tackling reps focusing on poke tackle and block tackle timing.,Side-on stance;Timing;Win ball and secure,Add live 1v1; add scoring.,Passive attacker; slow pace.,Defending:4|Composure:3|Coordination:2,False,defending;intermediate;tackle;u11-friendly
affbea87-fb31-4403-a063-479ccfdc6f45,Backpedal + Turn Sprint,Defending,1,20,U10-U19,8,cones,Beginner,Defenders backpedal then turn and sprint to simulate tracking runs.,Quick turn;Stay balanced;Accelerate,Add ball and pass to chase.,Shorter distance; slower backpedal.,Agility:4|Speed:3|Vision:2,True,beginner;defending;tracking;u11-friendly
d0985fa0-2a1c-4027-8792-21735f8a1dae,Intercepting Passing Lanes,Defending,4,14,U11-U19,12,balls;cones,Advanced,Defenders learn to read body cues and step into lanes to intercept.,Read hips;Anticipate;Secure first touch,Make play live; add counter goals.,Slower pattern first.,Vision:4|Defending:3|Coordination:2,False,advanced;defending;intercept;u11-friendly
bbbd77c3-0881-44f3-89e0-a99d5cac97ee,Block the Shot Lane,Defending,2,10,U10-U19,10,balls;cones;goal,Intermediate,Defender positions to block shooting lane while staying able to tackle.,Angle body;Stay close enough;Don’t dive in,Add live 1v1 to goal.,Attacker limited touches.,Defending:4|Positioning:3|Composure:2,False,defending;intermediate;shot-block;u11-friendly
839ab0d0-e4fc-43da-b97c-04537a736868,Scanning Grid (Color/Number),Tactical / Game Intelligence,1,12,U10-U19,8,balls;cones,Intermediate,Players dribble while scanning and reacting to called colors/numbers at the edge of grid.,Head up;Scan shoulders;Fast reaction,Add two cues; add pass on cue.,Fewer cues; slower tempo.,Vision:4|Decision Making:3|First Touch:2,True,intermediate;scanning;tactical;u11-friendly
7420a981-6227-41ec-ab0a-96e014c55e9d,Find the Free Player (4v4+2),Tactical / Game Intelligence,10,14,U12-U19,15,balls;cones,Advanced,Possession game with neutrals to teach finding overloads and switching play.,Use neutrals;Switch quickly;Create triangles,Touch limit; smaller grid.,Bigger grid; add extra neutral.,Vision:4|Decision Making:3|Coordination:2,False,advanced;possession;tactical;u11-friendly
1d89a09a-618a-4b73-851a-723135e27167,Build-Out Pattern (GK to Mid),Tactical / Game Intelligence,6,14,U10-U19,15,balls;cones;goal,Intermediate,Structured pattern to play out from the back through midfield targets.,Open body shape;Support angles;Play away from pressure,Add live pressers; add constraints.,Walk-through pattern first.,Positioning:4|Passing:3|Dribbling:2,False,buildout;intermediate;tactical;u11-friendly
9539f813-09c5-418a-a030-8c4fcb2def56,Switch of Play Game (End Zones),Tactical / Game Intelligence,8,16,U11-U19,15,balls;cones,Intermediate,Score by moving ball from one end zone to the other; encourages switching.,Scan far side;Move ball quickly;Stay wide,Touch limit; add defender in end zone.,Bigger zones; add neutral player.,Vision:4|Passing:3|Endurance:2,False,intermediate;switch;tactical;u11-friendly
c094d275-c3cc-431c-bc17-0d5f794c0695,Counterpress 5-Second Rule,Tactical / Game Intelligence,8,16,U12-U19,12,balls;cones,Advanced,"After losing ball, team has 5 seconds to win it back; trains counterpress habits.",Immediate reaction;Nearest player presses;Cover passing lanes,Reduce to 3 seconds; smaller grid.,Increase to 7 seconds; larger grid.,Pressing:4|Decision Making:3|Defending:2,False,advanced;tactical;transition;u11-friendly
e3610e68-1c2a-4ed1-bd45-266a33b35a25,Compactness Lines (Defense Shape),Tactical / Game Intelligence,10,18,U11-U19,12,cones,Intermediate,Team moves as a unit to maintain compact distance between lines and laterally.,Distances tight;Move together;Communication,Add ball and live attackers.,Walk speed; fewer players.,Positioning:4|Decision Making:3|Defending:2,False,intermediate;shape;tactical;u11-friendly
3d9cc081-3fd4-45e0-9010-fd28bfdd3d7c,Overload to Finish (4v3),Tactical / Game Intelligence,7,14,U11-U19,15,balls;cones;goal,Advanced,Attacking overload focusing on creating shot via quick combination and decision making.,Fast tempo;Commit defender;Final pass quality,Touch limit; add recovery defender.,More space; no defender initially.,Decision Making:4|Finishing:3|Vision:2,False,advanced;attack;tactical;u11-friendly
72fc634c-4b23-4a27-a159-b5d3384c71c6,Third-Man Run Game (3 Zones),Tactical / Game Intelligence,8,16,U12-U19,15,balls;cones,Advanced,"To enter next zone, a third-man run must receive; encourages off-ball movement.",Timing of run;Pass weight;Scan,Touch limit; reduce space.,Allow direct pass between zones.,Positioning:4|Vision:3|Pressing:2,False,advanced;movement;tactical;u11-friendly
7bd325c3-7cc6-4ee0-ac27-5540bcf8a9d2,Finishing Decision (Shoot/Slip/Recycle),Tactical / Game Intelligence,6,14,U12-U19,12,balls;cones;goal,Advanced,"Small-sided attack where player must decide to shoot, slip pass, or recycle based on pressure.",Head up;Recognize pressure;Choose best option,Add defender; reduce touches.,No defender; coach-guided choices.,Decision Making:4|Composure:3|First Touch:2,False,advanced;choices;tactical;u11-friendly
86215e89-fcf2-4061-a905-c9612390a698,Set-Piece Walkthrough (Corners),Tactical / Game Intelligence,8,16,U12-U19,12,balls;cones;goal,Intermediate,"Organize roles for corners (near, far, edge) and rehearse timing and delivery.",Timing;Attack zones;Second balls,Add defenders; live delivery under pressure.,No defenders; slow tempo.,Positioning:4|Vision:3|Balance:2,False,intermediate;set-piece;tactical;u11-friendly
ac47eee6-fff9-4db7-8a32-c6352293412e,Agility Ladder – Basic Patterns,Speed & Agility,1,20,U8-U19,6,ladder,Beginner,"Footwork patterns (in-in-out-out, one foot each) to improve coordination and speed.",Fast feet;Stay light;Good posture,Add ball carry after ladder; add reaction finish.,Fewer patterns; slow tempo.,Agility:4|Coordination:3|Passing:2,True,beginner;ladder;speed;u11-friendly
3af406e7-4ccd-4507-b387-b2271a72b08f,Cone Acceleration Sprints,Speed & Agility,1,20,U8-U19,6,cones,Beginner,Short 5–15 yard sprints focusing on explosive first steps.,Big first step;Forward lean;Pump arms,Add ball at end; add competition races.,Shorter sprints; longer rest.,Speed:4|Strength:3|Goalkeeping:2,True,beginner;speed;sprint;u11-friendly
0b50bfe4-2bf5-4698-9300-8a57b68b367e,Reaction Sprint (Visual Cue),Speed & Agility,2,20,U10-U19,6,cones,Intermediate,Players start in ready stance and sprint when coach raises a color/hand signal.,Ready position;Explode on cue;Run through line,Add change of direction; add ball pickup.,Predictable cue; longer rest.,Speed:4|Decision Making:3|Finishing:2,False,intermediate;reaction;speed;u11-friendly
850f1cf0-8a27-4ebe-a70a-ecea48855715,5-10-5 Shuttle,Speed & Agility,1,20,U10-U19,8,cones,Intermediate,Classic shuttle for lateral acceleration and deceleration control.,Low hips;Plant outside foot;Explode out of turns,Add ball carry; add time targets.,Shorter distance; fewer reps.,Agility:4|Balance:3|Positioning:2,True,intermediate;shuttle;speed;u11-friendly
30ef816b-8f74-45ce-81c4-f5b0e0d19528,T-Drill (Change of Direction),Speed & Agility,1,20,U11-U19,8,cones,Intermediate,"Sprint forward, shuffle laterally, backpedal; trains multi-direction footwork.",Stay low on shuffles;Quick feet;Control deceleration,Add ball; add reaction call to choose direction.,Reduce distances; walk-through first.,Agility:4|Coordination:3|Receiving:2,True,cod;intermediate;speed;u11-friendly
8dd70d8f-8526-4692-9209-7cc208330f36,Plyo: Skater Jumps,Speed & Agility,1,20,U12-U19,6,cones,Advanced,Lateral jumps landing on one foot to build stability and power for cutting.,Stick landing;Knee over toe;Stable core,Add distance; add ball catch on landing.,Two-foot lateral hops.,Strength:4|Balance:3|Goalkeeping:2,True,advanced;plyo;speed;u11-friendly
5512ddda-803a-4f28-a69f-71539f5d7c44,Sprint + Decel Box,Speed & Agility,1,20,U11-U19,8,cones,Intermediate,Sprint then decelerate into small box under control; reduces injury and improves control.,Chop steps to slow;Stay balanced;Control stop,Add turn on stop; add ball.,Longer decel zone; slower pace.,Agility:4|Balance:3|Passing:2,True,decel;intermediate;speed;u11-friendly
56a18239-2161-47b8-a786-6e121381c0be,Curved Runs (Pressing Angles),Speed & Agility,4,18,U12-U19,8,cones,Intermediate,Players practice curved sprint lines to block passing lanes while pressing.,Arc run;Arrive under control;Cover shadow,Add ball carrier; add decision of press trigger.,Walk-through arcs.,Pressing:4|Speed:3|Shooting:2,False,intermediate;press;speed;u11-friendly
c95bd4d4-d71a-410f-b93e-c304c9fbb89b,Sprint Relay With Ball,Speed & Agility,4,20,U9-U19,10,balls;cones,Beginner,Teams race while dribbling; emphasizes speed control and teamwork.,Control first;Head up;No wild touches,Add turns; add weak-foot only leg.,No ball; sprint relay.,Speed:4|Dribbling:3|Positioning:2,False,beginner;relay;speed;u11-friendly
99dbece0-da99-4275-ac31-3eb0a13b4455,Quick Turns (3 Cone) COD,Speed & Agility,1,20,U10-U19,8,cones,Intermediate,"Sprint to cone, sharp turn, sprint to next; repeat to build change-of-direction speed.",Lower hips on turn;Plant outside foot;Explode out,Add ball carry; reduce rest.,Longer rest; fewer reps.,Agility:4|Speed:3|Passing:2,True,intermediate;speed;turns;u11-friendly
ba8c8e91-add0-431e-82f0-51e0b8c1a659,Ball Mastery Intervals (30/30),Conditioning,1,20,U10-U19,12,balls,Intermediate,"30 seconds high-intensity touches, 30 seconds rest; repeat to build soccer fitness with ball.",High tempo;Quality touches;Breathe,40/20 rounds; add weak-foot only rounds.,20/40 rounds; lower intensity.,Endurance:4|Ball Control:3|First Touch:2,True,conditioning;intermediate;intervals;u11-friendly
07e61608-0857-4abe-ba26-e0de1777c8ae,Dribble-Sprint Cycles,Conditioning,1,20,U10-U19,12,balls;cones,Intermediate,Dribble 15 yards then sprint 15 yards repeatedly to simulate match bursts.,Control dribble;Explode sprint;Recover quickly,Add turn; add finish at end.,Shorter cycles; longer rest.,Endurance:4|Speed:3|Finishing:2,True,conditioning;fitness;intermediate;u11-friendly
2c37c788-dec6-4e82-8c60-959a5ad5d02e,Small-Sided Conditioning 4v4,Conditioning,8,16,U10-U19,16,balls;cones;goals,Intermediate,High-tempo small-sided game for conditioning with decision making under fatigue.,Play fast;Transition quickly;Keep shape,Touch limit; smaller field.,Bigger field; add rest breaks.,Endurance:4|Decision Making:3|Passing:2,False,conditioning;game;intermediate;u11-friendly
9f2e314d-0e21-4581-b9e5-6bf55759f88f,Tempo Runs (On/Off),Conditioning,1,20,U12-U19,15,cones,Intermediate,Alternating moderate and fast runs to build aerobic base for soccer.,Even pace;Good posture;Controlled breathing,Increase fast intervals; add ball carry on moderate sections.,Reduce total rounds.,Endurance:4|Strength:3|Decision Making:2,True,conditioning;intermediate;running;u11-friendly
f2432533-2aed-4ccc-8b0c-5f142383abba,Defensive Press Waves,Conditioning,8,18,U12-U19,15,balls;cones;goals,Advanced,"Repeated pressing waves: team presses, wins ball, attacks quickly; repeat for conditioning.",Immediate press;Recover shape;Sprint efforts,Reduce rest; add scoring constraints.,More rest; fewer waves.,Pressing:4|Endurance:3|Defending:2,False,advanced;conditioning;u11-friendly;waves
62f537e3-2aad-4b0e-87b1-83964dcb9544,Finishing Under Fatigue,Conditioning,4,12,U11-U19,15,balls;cones;goal,Advanced,Players do a short sprint then finish; trains composure while tired.,Head up;Technique under fatigue;Quick setup touch,Add defender; add time target.,Shorter sprints; closer shots.,Composure:4|Endurance:3|Weak Foot:2,False,advanced;conditioning;fatigue;u11-friendly
beb9bf65-bcb6-434d-834f-02be05800499,Circuit: Core + Ball,Conditioning,1,20,U10-U19,12,balls;mat,Intermediate,"Core stations (plank, dead bug) paired with ball touches between stations.",Good form first;Controlled breathing;Quality touches,Add more stations; reduce rest.,Fewer stations; easier core moves.,Strength:4|Ball Control:3|Balance:2,True,conditioning;core;intermediate;u11-friendly
f24ece35-f826-4780-bbfc-d28ecbe0d5c7,Sprint Repeaters (10x10),Conditioning,1,20,U12-U19,12,cones,Advanced,10 x 10-second sprints with short recovery to build repeat-sprint ability.,Max effort;Full recovery breaths;Good mechanics,Add direction changes; reduce rest.,Fewer reps; more rest.,Speed:4|Endurance:3|Strength:2,True,advanced;conditioning;rsa;u11-friendly
40ccbafb-60e2-447a-8212-dd2c527427e7,GK Handling: W-Scoop,Goalkeeper,1,4,U10-U19,10,balls;goal,Beginner,Goalkeepers practice proper hand shape and scooping technique for low balls.,Hands behind ball;Elbows in;Secure to chest,Add movement; add bounce shots.,Slower rolls; closer distance.,Goalkeeping:4|Composure:3|Positioning:2,True,beginner;gk;goalkeeper;u11-friendly
991ca3ea-3c4a-48bf-aaca-c8cd030ad89e,GK Footwork: Set Position Steps,Goalkeeper,1,4,U10-U19,8,cones;balls,Beginner,"Small steps to get set, balanced stance, and ready hands before shots.",Quiet feet;Set before shot;Hands forward,Add lateral shuffles; add reaction saves.,Walk-through steps; fewer reps.,Goalkeeping:4|Agility:3|Dribbling:2,True,beginner;gk;goalkeeper;u11-friendly
c9fda1f3-8a09-4a0d-bc01-dfb8e03a3c22,GK Diving Basics (Side Collapse),Goalkeeper,1,4,U11-U19,12,balls;goal;mat,Intermediate,Low diving technique to smother balls to either side safely.,Drive knee down;Hands to ball;Land on side,Increase distance; add rebounds.,Short distance; rolling service.,Goalkeeping:4|Composure:3|Defending:2,True,gk;goalkeeper;intermediate;u11-friendly
66197300-8429-4317-9252-e5ecd8a77f74,GK Distribution: Side Volley/Throw,Goalkeeper,1,4,U12-U19,12,balls;cones,Intermediate,Practice accurate throws and volleys to targets for build-out play.,Eye on target;Balanced plant;Follow through,Add pressure timer; longer distances.,Short distances; stationary targets.,Goalkeeping:4|Passing:3|Endurance:2,True,gk;goalkeeper;intermediate;u11-friendly
9f18b62e-5a1b-4fb5-a8e4-03db8179fafb,GK 1v1 Breakaway Saves,Goalkeeper,2,6,U12-U19,12,balls;goal,Advanced,GK practices narrowing angle and timing for 1v1 situations.,Stay big;Delay;Pick moment to smother,Add attacker feints; add rebound finishing.,Start closer; slow attacker approach.,Goalkeeping:4|Decision Making:3|Dribbling:2,False,advanced;gk;goalkeeper;u11-friendly
34ef2a5a-6a5d-4e66-be23-fc306db87981,GK Cross Handling (Near/Far),Goalkeeper,3,10,U12-U19,12,balls;goal,Advanced,"GK handles crosses: claim, punch, or hold while reading flight and traffic.",Call early;Attack ball;Land safely,Add live attackers/defenders.,No traffic; easy service.,Goalkeeping:4|Composure:3|Shooting:2,False,advanced;gk;goalkeeper;u11-friendly
